-- phpMyAdmin SQL Dump
-- version 4.7.7
-- https://www.phpmyadmin.net/
--
-- Host: 127.0.0.1
-- Generation Time: 04-Mar-2019 às 19:36
-- Versão do servidor: 5.7.14
-- PHP Version: 5.6.25

SET SQL_MODE = "NO_AUTO_VALUE_ON_ZERO";
SET AUTOCOMMIT = 0;
START TRANSACTION;
SET time_zone = "+00:00";


/*!40101 SET @OLD_CHARACTER_SET_CLIENT=@@CHARACTER_SET_CLIENT */;
/*!40101 SET @OLD_CHARACTER_SET_RESULTS=@@CHARACTER_SET_RESULTS */;
/*!40101 SET @OLD_COLLATION_CONNECTION=@@COLLATION_CONNECTION */;
/*!40101 SET NAMES utf8mb4 */;

--
-- Database: `bd_scgv_4.0`
--

-- --------------------------------------------------------

--
-- Estrutura da tabela `tb_acessos`
--

CREATE TABLE `tb_acessos` (
  `id_acessos` int(11) NOT NULL,
  `data_inicio_acessos` datetime NOT NULL,
  `data_fim_acessos` datetime NOT NULL,
  `id_funcionario_acessos` int(11) NOT NULL
) ENGINE=InnoDB DEFAULT CHARSET=utf8;

--
-- Extraindo dados da tabela `tb_acessos`
--

INSERT INTO `tb_acessos` (`id_acessos`, `data_inicio_acessos`, `data_fim_acessos`, `id_funcionario_acessos`) VALUES
(5, '2018-02-12 19:50:13', '2018-02-12 19:51:04', 2),
(6, '2018-02-12 19:51:21', '2018-02-12 19:51:23', 1),
(7, '2018-02-12 19:52:52', '2018-02-12 19:53:26', 1),
(8, '2018-02-12 19:54:00', '2018-02-12 19:54:07', 1),
(9, '2018-02-12 19:56:45', '2018-02-12 19:56:56', 1),
(10, '2018-02-12 19:55:55', '2018-02-12 19:56:59', 1),
(11, '2018-02-12 19:59:05', '2018-02-12 19:59:08', 1),
(12, '2018-02-12 19:59:28', '2018-02-12 19:59:30', 1),
(13, '2018-02-12 20:00:51', '2018-02-12 20:00:54', 1),
(14, '2018-02-12 20:01:19', '2018-02-12 20:01:25', 1),
(15, '2018-02-12 20:01:41', '2018-02-12 20:01:49', 1),
(16, '2018-02-12 20:01:54', '2018-02-12 20:02:03', 1),
(17, '2018-02-12 20:03:13', '2018-02-12 20:03:21', 1),
(18, '2018-02-12 20:03:26', '2018-02-12 20:03:35', 1),
(19, '2018-02-12 20:05:19', '2018-02-12 20:05:21', 1),
(20, '2018-02-12 20:05:30', '2018-02-12 20:05:46', 1),
(21, '2018-02-12 20:07:36', '2018-02-12 20:08:08', 1),
(22, '2018-02-12 20:09:27', '2018-02-12 20:09:42', 1),
(23, '2018-02-12 20:09:01', '2018-02-12 20:09:45', 1),
(24, '2018-02-12 20:10:34', '2018-02-12 20:10:56', 1),
(25, '2018-02-12 20:10:26', '2018-02-12 20:10:59', 2),
(26, '2018-02-12 20:14:23', '2018-02-12 20:15:00', 1),
(27, '2018-02-12 20:22:04', '2018-02-12 20:22:25', 1),
(28, '2018-02-12 20:23:18', '2018-02-12 20:23:39', 1),
(29, '2018-02-12 20:25:56', '2018-02-12 20:26:26', 1),
(30, '2018-02-12 20:27:24', '2018-02-12 20:27:38', 1),
(31, '2018-02-12 20:28:34', '2018-02-12 20:28:48', 1),
(32, '2018-02-12 20:28:58', '2018-02-12 20:29:09', 1),
(33, '2018-02-12 20:29:18', '2018-02-12 20:29:33', 1),
(34, '2018-02-12 20:31:00', '2018-02-12 20:31:20', 1),
(35, '2018-02-12 20:31:31', '2018-02-12 20:31:54', 1),
(36, '2018-02-12 20:36:40', '2018-02-12 20:37:30', 1),
(37, '2018-02-12 20:43:48', '2018-02-12 20:45:31', 1),
(38, '2018-02-12 21:02:09', '2018-02-12 21:02:42', 1),
(39, '2018-02-12 21:03:26', '2018-02-12 21:03:31', 1),
(40, '2018-02-12 21:05:00', '2018-02-12 21:05:06', 1),
(41, '2018-02-12 21:05:20', '2018-02-12 21:05:25', 1),
(42, '2018-02-12 21:06:17', '2018-02-12 21:06:22', 1),
(43, '2018-02-12 21:13:35', '2018-02-12 21:13:40', 1),
(44, '2018-02-12 21:14:22', '2018-02-12 21:14:26', 1),
(45, '2018-02-12 21:15:51', '2018-02-12 21:15:58', 1),
(46, '2018-02-12 21:18:12', '2018-02-12 21:18:34', 1),
(47, '2018-02-12 21:20:55', '2018-02-12 21:21:01', 1),
(48, '2018-02-12 21:22:00', '2018-02-12 21:22:05', 1),
(49, '2018-02-12 21:23:04', '2018-02-12 21:23:14', 1),
(50, '2018-02-12 21:23:26', '2018-02-12 21:23:29', 1),
(51, '2018-02-12 21:24:35', '2018-02-12 21:24:42', 1),
(52, '2018-02-12 21:24:56', '2018-02-12 21:25:02', 1),
(53, '2018-02-12 21:25:12', '2018-02-12 21:25:36', 1),
(54, '2018-02-12 21:26:01', '2018-02-12 21:26:42', 1),
(55, '2018-02-12 21:28:59', '2018-02-12 21:29:22', 1),
(56, '2018-02-12 21:33:56', '2018-02-12 21:34:36', 1),
(57, '2018-02-12 21:34:48', '2018-02-12 21:35:39', 1),
(58, '2018-02-12 21:36:33', '2018-02-12 21:37:07', 1),
(59, '2018-02-12 21:37:55', '2018-02-12 21:38:02', 1),
(60, '2018-02-12 21:40:44', '2018-02-12 21:40:59', 1),
(61, '2018-02-12 21:43:41', '2018-02-12 21:43:59', 1),
(62, '2018-02-12 21:44:22', '2018-02-12 21:44:51', 1),
(63, '2018-02-12 21:49:46', '2018-02-12 21:50:37', 1),
(64, '2018-02-12 21:53:19', '2018-02-12 21:53:58', 1),
(65, '2018-02-12 21:54:35', '2018-02-12 21:54:45', 1),
(66, '2018-02-12 21:55:16', '2018-02-12 21:55:25', 1),
(67, '2018-02-12 21:56:17', '2018-02-12 21:57:15', 1),
(68, '2018-02-12 21:59:50', '2018-02-12 22:01:46', 1),
(69, '2018-02-12 22:01:50', '2018-02-12 22:06:03', 1),
(70, '2018-02-12 22:07:08', '2018-02-12 22:10:04', 1),
(71, '2018-02-12 22:11:58', '2018-02-12 22:12:07', 1),
(72, '2018-02-12 22:13:11', '2018-02-12 22:18:52', 1),
(73, '2018-02-12 22:18:20', '2018-02-12 22:19:42', 2),
(74, '2018-02-12 22:43:32', '2018-02-12 22:44:26', 2),
(75, '2018-02-12 22:49:00', '2018-02-12 22:49:20', 1),
(76, '2018-02-13 13:34:16', '2018-02-13 13:36:47', 1),
(77, '2018-02-13 13:43:03', '2018-02-13 13:44:16', 1),
(78, '2018-02-13 14:11:38', '2018-02-13 14:15:05', 1),
(79, '2018-02-13 14:15:34', '2018-02-13 14:16:11', 1),
(80, '2018-02-13 14:17:26', '2018-02-13 14:18:33', 2),
(81, '2018-02-13 14:19:43', '2018-02-13 14:25:11', 2),
(82, '2018-02-13 15:00:31', '2018-02-13 15:01:08', 1),
(83, '2018-02-13 15:02:09', '2018-02-13 15:03:57', 2),
(84, '2018-02-13 15:04:00', '2018-02-13 15:06:20', 1),
(85, '2018-02-13 18:13:00', '2018-02-13 18:14:08', 1),
(86, '2018-02-13 18:15:11', '2018-02-13 18:16:48', 1),
(87, '2018-02-13 18:17:28', '2018-02-13 18:18:28', 1),
(88, '2018-02-13 18:19:48', '2018-02-13 18:20:35', 1),
(89, '2018-02-13 18:21:09', '2018-02-13 18:22:09', 1),
(90, '2018-02-13 18:23:37', '2018-02-13 18:28:10', 1),
(91, '2018-02-13 18:32:19', '2018-02-13 18:36:37', 1),
(92, '2018-02-13 18:38:13', '2018-02-13 18:39:08', 1),
(93, '2018-02-13 18:44:36', '2018-02-13 18:45:51', 1),
(94, '2018-02-13 18:46:19', '2018-02-13 18:47:11', 1),
(95, '2018-02-13 18:48:00', '2018-02-13 18:49:30', 1),
(96, '2018-02-13 18:51:40', '2018-02-13 18:53:17', 1),
(97, '2018-02-15 18:12:37', '2018-02-15 18:19:45', 1),
(98, '2018-02-15 18:25:08', '2018-02-15 18:25:41', 1),
(99, '2018-02-15 18:37:03', '2018-02-15 18:37:52', 1),
(100, '2018-02-15 18:42:34', '2018-02-15 18:43:04', 1),
(101, '2018-02-15 18:52:11', '2018-02-15 18:53:25', 1),
(102, '2018-02-15 18:46:25', '2018-02-15 18:53:28', 1),
(103, '2018-02-15 18:57:34', '2018-02-15 18:57:53', 1),
(104, '2018-02-15 19:08:54', '2018-02-15 19:10:07', 1),
(105, '2018-02-15 19:21:19', '2018-02-15 19:21:26', 1),
(106, '2018-02-15 19:21:43', '2018-02-15 19:21:55', 1),
(107, '2018-02-15 19:24:35', '2018-02-15 19:29:05', 1),
(108, '2018-02-15 19:33:11', '2018-02-15 19:34:03', 1),
(109, '2018-02-15 19:34:42', '2018-02-15 19:37:58', 1),
(110, '2018-02-15 19:39:12', '2018-02-15 19:39:41', 1),
(111, '2018-02-15 19:40:46', '2018-02-15 19:40:59', 1),
(112, '2018-02-15 19:41:40', '2018-02-15 19:42:41', 1),
(113, '2018-02-15 19:55:33', '2018-02-15 19:59:16', 1),
(114, '2018-02-15 20:14:47', '2018-02-15 20:17:09', 1),
(115, '2018-02-15 20:19:21', '2018-02-15 20:19:33', 1),
(116, '2018-02-15 20:21:55', '2018-02-15 20:24:08', 1),
(117, '2018-02-15 20:24:43', '2018-02-15 20:31:39', 1),
(118, '2018-02-15 20:42:06', '2018-02-15 20:44:36', 1),
(119, '2018-02-15 20:47:34', '2018-02-15 20:55:56', 1),
(120, '2018-02-15 20:56:02', '2018-02-15 20:56:50', 2),
(121, '2018-02-15 20:57:22', '2018-02-15 20:58:35', 2),
(122, '2018-02-17 19:42:48', '2018-02-17 19:44:47', 1),
(123, '2018-02-17 19:54:42', '2018-02-17 19:55:03', 1),
(124, '2018-02-17 19:56:50', '2018-02-17 19:57:29', 1),
(125, '2018-02-17 19:59:00', '2018-02-17 19:59:25', 1),
(126, '2018-02-17 20:01:45', '2018-02-17 20:02:16', 1),
(127, '2018-02-17 20:03:12', '2018-02-17 20:03:48', 1),
(128, '2018-02-17 20:06:30', '2018-02-17 20:07:07', 1),
(129, '2018-02-17 20:08:15', '2018-02-17 20:12:15', 1),
(130, '2018-02-17 20:21:12', '2018-02-17 20:22:05', 1),
(131, '2018-02-17 20:23:44', '2018-02-17 20:24:15', 1),
(132, '2018-02-17 20:29:23', '2018-02-17 20:30:18', 1),
(133, '2018-02-17 20:31:49', '2018-02-17 20:34:05', 1),
(134, '2018-02-17 20:36:26', '2018-02-17 20:37:21', 1),
(135, '2018-02-17 20:37:49', '2018-02-17 20:38:28', 1),
(136, '2018-02-17 20:39:06', '2018-02-17 20:39:36', 1),
(137, '2018-02-17 20:40:35', '2018-02-17 20:41:00', 1),
(138, '2018-02-17 20:43:23', '2018-02-17 20:51:09', 1),
(139, '2018-02-18 17:21:19', '2018-02-18 17:21:34', 1),
(140, '2018-02-18 17:22:02', '2018-02-18 17:25:43', 1),
(141, '2018-02-19 00:35:51', '2018-02-19 00:36:36', 1),
(142, '2018-02-19 00:36:42', '2018-02-19 00:37:36', 1),
(143, '2018-02-19 00:50:42', '2018-02-19 00:51:27', 1),
(144, '2018-02-19 00:53:47', '2018-02-19 01:00:51', 1),
(145, '2018-02-19 01:01:31', '2018-02-19 01:06:43', 1),
(146, '2018-02-19 01:08:39', '2018-02-19 01:10:56', 1),
(147, '2018-02-19 01:11:58', '2018-02-19 01:12:17', 1),
(148, '2018-02-19 01:17:07', '2018-02-19 01:18:13', 1),
(149, '2018-02-19 01:18:26', '2018-02-19 01:19:16', 1),
(150, '2018-02-19 16:45:58', '2018-02-19 16:48:04', 1),
(151, '2018-02-19 17:09:37', '2018-02-19 17:10:37', 1),
(152, '2018-02-19 17:22:02', '2018-02-19 17:25:19', 1),
(153, '2018-02-19 17:28:21', '2018-02-19 17:29:00', 1),
(154, '2018-02-19 17:30:07', '2018-02-19 17:31:21', 1),
(155, '2018-02-19 17:31:38', '2018-02-19 17:32:05', 1),
(156, '2018-02-19 17:33:33', '2018-02-19 17:34:01', 1),
(157, '2018-02-19 17:35:52', '2018-02-19 17:36:10', 1),
(158, '2018-02-19 17:37:56', '2018-02-19 17:38:10', 1),
(159, '2018-02-19 17:39:08', '2018-02-19 17:39:17', 1),
(160, '2018-02-19 17:39:42', '2018-02-19 17:39:48', 1),
(161, '2018-02-19 17:40:01', '2018-02-19 17:40:07', 1),
(162, '2018-02-19 17:40:27', '2018-02-19 17:41:23', 1),
(163, '2018-02-19 17:43:12', '2018-02-19 17:43:38', 1),
(164, '2018-02-19 17:46:50', '2018-02-19 17:47:17', 1),
(165, '2018-02-19 17:48:32', '2018-02-19 17:49:19', 2),
(166, '2018-02-19 17:49:39', '2018-02-19 17:49:46', 2),
(167, '2018-02-19 17:49:59', '2018-02-19 17:52:11', 2),
(168, '2018-02-19 17:53:01', '2018-02-19 17:53:12', 1),
(169, '2018-02-19 17:53:37', '2018-02-19 17:54:12', 1),
(170, '2018-02-19 17:55:13', '2018-02-19 17:55:24', 1),
(171, '2018-02-19 17:56:18', '2018-02-19 17:56:30', 1),
(172, '2018-02-19 17:57:03', '2018-02-19 17:57:17', 1),
(173, '2018-02-19 17:57:30', '2018-02-19 17:58:06', 1),
(174, '2018-02-19 17:58:59', '2018-02-19 18:05:02', 1),
(175, '2018-02-19 18:06:13', '2018-02-19 18:06:30', 1),
(176, '2018-02-19 18:12:35', '2018-02-19 18:14:29', 1),
(177, '2018-02-19 18:16:04', '2018-02-19 18:16:36', 1),
(178, '2018-02-19 18:17:39', '2018-02-19 18:18:35', 2),
(179, '2018-02-19 18:26:30', '2018-02-19 18:27:39', 1),
(180, '2018-02-19 18:28:41', '2018-02-19 18:30:47', 1),
(181, '2018-02-19 18:36:44', '2018-02-19 18:37:30', 1),
(182, '2018-02-19 18:37:52', '2018-02-19 18:39:24', 1),
(183, '2018-02-19 18:40:11', '2018-02-19 18:41:04', 1),
(184, '2018-02-19 18:42:19', '2018-02-19 18:42:34', 1),
(185, '2018-02-19 18:44:05', '2018-02-19 18:44:21', 1),
(186, '2018-02-19 18:44:33', '2018-02-19 18:45:40', 1),
(187, '2018-02-19 18:46:46', '2018-02-19 18:47:09', 1),
(188, '2018-02-19 18:50:46', '2018-02-19 18:51:07', 1),
(189, '2018-02-19 18:53:15', '2018-02-19 18:59:35', 1),
(190, '2018-02-19 19:01:07', '2018-02-19 19:01:57', 1),
(191, '2018-02-19 19:09:35', '2018-02-19 19:15:05', 1),
(192, '2018-02-19 19:15:59', '2018-02-19 19:28:39', 1),
(193, '2018-02-22 23:10:26', '2018-02-22 23:15:52', 1),
(194, '2018-02-22 23:15:40', '2018-02-22 23:19:18', 2),
(195, '2018-02-22 23:36:22', '2018-02-22 23:36:51', 1),
(196, '2018-02-22 23:38:58', '2018-02-22 23:39:54', 1),
(197, '2018-02-22 23:42:14', '2018-02-22 23:43:35', 1),
(198, '2018-02-22 23:44:12', '2018-02-22 23:49:05', 1),
(199, '2018-02-22 23:54:39', '2018-02-22 23:57:05', 1),
(200, '2018-02-22 23:58:00', '2018-02-22 23:58:47', 1),
(201, '2018-02-22 23:59:48', '2018-02-23 00:02:28', 1),
(202, '2018-02-23 00:03:13', '2018-02-23 00:04:51', 1),
(203, '2018-02-23 00:09:19', '2018-02-23 00:11:13', 1),
(204, '2018-02-23 00:11:48', '2018-02-23 00:14:42', 1),
(205, '2018-02-23 00:18:01', '2018-02-23 00:18:14', 1),
(206, '2018-02-23 00:20:01', '2018-02-23 00:23:35', 1),
(207, '2018-02-23 00:25:13', '2018-02-23 00:37:17', 1),
(208, '2018-02-23 22:13:08', '2018-02-23 22:15:03', 1),
(209, '2018-02-25 20:35:21', '2018-02-25 20:36:34', 1),
(210, '2018-02-25 20:46:28', '2018-02-25 20:46:38', 2),
(211, '2018-02-25 20:46:50', '2018-02-25 20:47:00', 1),
(212, '2018-02-25 20:36:38', '2018-02-25 20:50:51', 1),
(213, '2018-02-25 21:07:44', '2018-02-25 21:14:46', 1),
(214, '2018-04-02 21:20:15', '2018-04-02 21:37:41', 1),
(215, '2018-04-02 22:04:20', '2018-04-02 22:06:53', 1),
(216, '2018-04-19 22:27:34', '2018-04-19 22:29:41', 1),
(217, '2018-04-20 02:19:58', '2018-04-20 02:31:43', 1),
(218, '2018-04-26 15:14:17', '2018-04-26 15:14:44', 1),
(219, '2018-04-26 15:20:55', '2018-04-26 15:21:16', 1),
(220, '2018-04-26 15:22:23', '2018-04-26 15:23:01', 1),
(221, '2018-04-26 15:24:57', '2018-04-26 15:26:31', 1),
(222, '2018-04-26 15:27:12', '2018-04-26 15:27:32', 1),
(223, '2018-04-26 15:27:48', '2018-04-26 15:27:58', 1),
(224, '2018-04-26 15:29:09', '2018-04-26 15:29:38', 1),
(225, '2018-04-26 15:30:20', '2018-04-26 15:31:01', 1),
(226, '2018-04-26 15:31:39', '2018-04-26 15:32:45', 1),
(227, '2018-04-26 15:34:17', '2018-04-26 15:34:43', 1),
(228, '2018-04-26 15:35:42', '2018-04-26 15:36:13', 1),
(229, '2018-04-26 15:37:32', '2018-04-26 15:40:58', 1),
(230, '2018-04-26 15:52:34', '2018-04-26 15:54:46', 1),
(231, '2018-04-26 15:56:00', '2018-04-26 15:59:10', 1),
(232, '2018-06-24 21:08:04', '2018-06-24 21:10:02', 1),
(233, '2018-06-28 00:26:56', '2018-06-28 00:34:10', 1),
(234, '2018-06-28 00:46:56', '2018-06-28 00:48:08', 1),
(235, '2018-06-28 00:49:44', '2018-06-28 00:50:21', 1),
(236, '2018-06-28 00:53:23', '2018-06-28 00:53:48', 1),
(237, '2018-06-28 00:59:19', '2018-06-28 01:00:28', 1),
(238, '2018-06-28 01:01:54', '2018-06-28 01:02:45', 1),
(239, '2018-06-28 01:03:53', '2018-06-28 01:04:01', 1),
(240, '2018-06-28 01:04:28', '2018-06-28 01:04:39', 1),
(241, '2018-06-28 01:07:32', '2018-06-28 01:08:09', 1),
(242, '2018-06-28 01:09:22', '2018-06-28 01:09:59', 1),
(243, '2018-06-28 01:10:24', '2018-06-28 01:11:06', 1),
(244, '2018-06-28 01:12:32', '2018-06-28 01:14:09', 1),
(245, '2018-06-28 01:20:19', '2018-06-28 01:21:30', 1),
(246, '2018-06-28 01:24:08', '2018-06-28 01:25:36', 1),
(247, '2018-06-28 02:05:19', '2018-06-28 02:06:31', 1),
(248, '2018-06-28 02:13:35', '2018-06-28 02:14:22', 1),
(249, '2018-06-28 02:31:37', '2018-06-28 02:34:11', 1),
(250, '2018-06-28 02:36:34', '2018-06-28 02:54:58', 1),
(251, '2018-06-28 02:55:08', '2018-06-28 02:55:26', 1),
(252, '2018-06-28 02:57:57', '2018-06-28 02:58:51', 1),
(253, '2018-06-28 03:00:03', '2018-06-28 03:01:38', 1),
(254, '2018-06-28 03:02:09', '2018-06-28 03:02:44', 1),
(255, '2018-06-28 03:04:13', '2018-06-28 03:04:27', 1),
(256, '2018-06-28 03:05:16', '2018-06-28 03:05:42', 1),
(257, '2018-06-28 03:06:48', '2018-06-28 03:07:04', 1),
(258, '2018-06-28 03:08:34', '2018-06-28 03:08:45', 1),
(259, '2018-06-28 03:08:55', '2018-06-28 03:09:26', 1),
(260, '2018-06-28 03:10:02', '2018-06-28 03:10:15', 1),
(261, '2018-06-28 03:14:15', '2018-06-28 03:14:37', 2),
(262, '2018-06-28 03:10:46', '2018-06-28 03:17:22', 1),
(263, '2018-06-28 03:30:21', '2018-06-28 03:31:03', 1),
(264, '2018-06-28 03:35:31', '2018-06-28 03:35:56', 1),
(265, '2018-07-05 20:02:18', '2018-07-05 20:04:05', 1),
(266, '2018-07-05 20:08:17', '2018-07-05 20:08:49', 1),
(267, '2018-07-05 20:10:39', '2018-07-05 20:12:13', 1),
(268, '2018-07-05 20:30:14', '2018-07-05 20:33:25', 1),
(269, '2018-07-05 20:33:48', '2018-07-05 20:34:14', 1),
(270, '2018-07-05 20:42:44', '2018-07-05 20:42:46', 6),
(271, '2018-07-05 20:46:37', '2018-07-05 20:46:53', 1),
(272, '2018-07-05 20:47:04', '2018-07-05 20:47:20', 6),
(273, '2018-07-05 20:48:21', '2018-07-05 20:49:07', 2),
(274, '2018-07-05 20:49:14', '2018-07-05 20:49:19', 1),
(275, '2018-07-05 20:49:41', '2018-07-05 20:49:53', 6),
(276, '2018-07-05 20:59:08', '2018-07-05 20:59:26', 6),
(277, '2018-07-05 21:02:28', '2018-07-05 21:02:56', 6),
(278, '2018-07-05 21:11:00', '2018-07-05 21:12:00', 6),
(279, '2018-07-05 21:17:37', '2018-07-05 21:18:13', 6),
(280, '2018-07-05 21:26:10', '2018-07-05 21:26:57', 6),
(281, '2018-07-05 21:28:39', '2018-07-05 21:28:50', 6),
(282, '2018-07-05 21:29:36', '2018-07-05 21:32:31', 6),
(283, '2018-07-05 21:40:46', '2018-07-05 21:41:09', 6),
(284, '2018-07-05 21:44:14', '2018-07-05 21:44:50', 6),
(285, '2018-07-05 21:45:13', '2018-07-05 21:45:51', 6),
(286, '2018-07-05 21:46:00', '2018-07-05 21:46:10', 1),
(287, '2018-07-05 21:46:19', '2018-07-05 21:46:31', 6),
(288, '2018-07-05 21:47:54', '2018-07-05 21:48:12', 6),
(289, '2018-07-05 21:48:39', '2018-07-05 21:49:46', 6),
(290, '2018-07-05 21:57:25', '2018-07-05 21:57:41', 6),
(291, '2018-07-05 22:02:51', '2018-07-05 22:02:55', 6),
(292, '2018-07-05 22:03:29', '2018-07-05 22:04:06', 6),
(293, '2018-07-05 22:08:00', '2018-07-05 22:10:11', 6),
(294, '2018-07-05 22:11:02', '2018-07-05 22:14:40', 6),
(295, '2018-07-05 22:17:32', '2018-07-05 22:17:56', 6),
(296, '2018-07-05 22:18:13', '2018-07-05 22:18:28', 6),
(297, '2018-07-05 22:19:33', '2018-07-05 22:19:47', 6),
(298, '2018-07-05 22:20:06', '2018-07-05 22:20:47', 6),
(299, '2018-07-05 22:21:29', '2018-07-05 22:22:01', 6),
(300, '2018-07-05 22:27:41', '2018-07-05 22:28:31', 6),
(301, '2018-07-05 22:32:40', '2018-07-05 22:33:40', 6),
(302, '2018-07-05 22:35:01', '2018-07-05 22:35:40', 6),
(303, '2018-07-05 22:36:41', '2018-07-05 22:37:49', 6),
(304, '2018-07-05 22:51:20', '2018-07-05 22:52:12', 6),
(305, '2018-07-05 22:52:39', '2018-07-05 22:57:21', 6),
(306, '2018-07-05 23:01:39', '2018-07-05 23:01:46', 1),
(307, '2018-07-05 23:01:50', '2018-07-05 23:02:59', 6),
(308, '2018-07-05 23:04:54', '2018-07-05 23:05:27', 6),
(309, '2018-07-05 23:06:57', '2018-07-05 23:07:15', 6),
(310, '2018-07-05 23:07:45', '2018-07-05 23:08:11', 6),
(311, '2018-07-05 23:08:30', '2018-07-05 23:08:33', 6),
(312, '2018-07-05 23:08:46', '2018-07-05 23:08:54', 6),
(313, '2018-07-05 23:09:08', '2018-07-05 23:09:38', 6),
(314, '2018-07-05 23:18:11', '2018-07-05 23:19:00', 6),
(315, '2018-07-05 23:20:19', '2018-07-05 23:21:38', 6),
(316, '2018-07-05 23:26:30', '2018-07-05 23:26:45', 6),
(317, '2018-07-05 23:50:19', '2018-07-05 23:51:06', 6),
(318, '2018-07-05 23:51:14', '2018-07-05 23:51:24', 1),
(319, '2018-07-05 23:51:29', '2018-07-05 23:52:00', 6),
(320, '2018-07-05 23:42:47', '2018-07-05 23:52:36', 6),
(321, '2018-07-07 11:32:53', '2018-07-07 11:34:17', 6),
(322, '2018-07-07 11:35:10', '2018-07-07 11:39:58', 6),
(323, '2018-07-07 11:51:33', '2018-07-07 11:52:19', 6),
(324, '2018-07-07 11:57:21', '2018-07-07 11:57:28', 6),
(325, '2018-07-07 11:58:39', '2018-07-07 11:58:43', 6),
(326, '2018-07-07 11:59:48', '2018-07-07 12:00:14', 6),
(327, '2018-07-07 12:00:53', '2018-07-07 12:00:59', 6),
(328, '2018-07-07 12:02:07', '2018-07-07 12:02:18', 6),
(329, '2018-07-07 12:04:43', '2018-07-07 12:04:46', 6),
(330, '2018-07-07 12:05:18', '2018-07-07 12:05:24', 6),
(331, '2018-07-07 12:06:23', '2018-07-07 12:06:42', 6),
(332, '2018-07-07 12:07:20', '2018-07-07 12:07:23', 6),
(333, '2018-07-07 12:08:34', '2018-07-07 12:08:51', 6),
(334, '2018-07-07 12:11:58', '2018-07-07 12:12:08', 6),
(335, '2018-07-07 12:19:59', '2018-07-07 12:20:13', 6),
(336, '2018-07-07 12:43:17', '2018-07-07 12:43:47', 6),
(337, '2018-07-07 15:56:07', '2018-07-07 15:57:05', 1),
(338, '2018-07-07 15:57:13', '2018-07-07 15:58:06', 6),
(339, '2018-07-07 16:03:54', '2018-07-07 16:04:17', 6),
(340, '2018-07-07 16:04:28', '2018-07-07 16:04:38', 6),
(341, '2018-07-07 16:05:14', '2018-07-07 16:06:08', 6),
(342, '2018-07-07 16:03:37', '2018-07-07 16:06:35', 1),
(343, '2018-07-07 16:11:49', '2018-07-07 16:11:55', 6),
(344, '2018-07-07 16:12:48', '2018-07-07 16:13:03', 6),
(345, '2018-07-07 16:14:07', '2018-07-07 16:14:26', 6),
(346, '2018-07-07 16:15:27', '2018-07-07 16:15:37', 6),
(347, '2018-07-07 16:16:08', '2018-07-07 16:16:20', 6),
(348, '2018-07-07 16:16:45', '2018-07-07 16:16:49', 6),
(349, '2018-07-07 16:17:01', '2018-07-07 16:17:09', 6),
(350, '2018-07-07 16:17:21', '2018-07-07 16:17:24', 6),
(351, '2018-07-07 16:17:37', '2018-07-07 16:17:54', 6),
(352, '2018-07-07 16:27:12', '2018-07-07 16:28:00', 6),
(353, '2018-07-07 16:46:44', '2018-07-07 16:48:44', 6),
(354, '2018-07-07 16:52:32', '2018-07-07 16:52:36', 1),
(355, '2018-07-07 16:52:40', '2018-07-07 16:53:25', 6),
(356, '2018-07-07 16:57:36', '2018-07-07 16:58:06', 6),
(357, '2018-07-07 17:03:50', '2018-07-07 17:06:05', 6),
(358, '2018-07-09 21:05:29', '2018-07-09 21:06:43', 6),
(359, '2018-07-09 21:17:00', '2018-07-09 21:17:20', 6),
(360, '2018-07-09 21:17:38', '2018-07-09 21:17:47', 6),
(361, '2018-07-09 21:19:18', '2018-07-09 21:19:56', 6),
(362, '2018-07-09 21:20:23', '2018-07-09 21:20:41', 6),
(363, '2018-07-09 21:20:55', '2018-07-09 21:21:04', 6),
(364, '2018-07-09 21:21:32', '2018-07-09 21:21:45', 6),
(365, '2018-07-09 21:21:57', '2018-07-09 21:22:10', 6),
(366, '2018-07-09 21:22:27', '2018-07-09 21:22:36', 6),
(367, '2018-07-09 21:32:19', '2018-07-09 21:33:07', 6),
(368, '2018-07-09 21:40:20', '2018-07-09 21:43:20', 6),
(369, '2018-07-09 21:51:26', '2018-07-09 21:51:35', 6),
(370, '2018-07-09 21:51:43', '2018-07-09 21:55:28', 6),
(371, '2018-07-09 22:00:18', '2018-07-09 22:01:17', 6),
(372, '2018-07-09 22:02:20', '2018-07-09 22:04:14', 6),
(373, '2018-07-09 22:31:50', '2018-07-09 22:32:27', 6),
(374, '2018-07-09 22:36:58', '2018-07-09 22:37:26', 6),
(375, '2018-07-09 22:39:18', '2018-07-09 22:39:22', 6),
(376, '2018-07-09 22:40:25', '2018-07-09 22:41:09', 6),
(377, '2018-07-09 22:50:42', '2018-07-09 22:50:56', 6),
(378, '2018-07-09 22:51:08', '2018-07-09 22:51:20', 6),
(379, '2018-07-09 22:51:58', '2018-07-09 22:52:14', 6),
(380, '2018-07-09 22:53:12', '2018-07-09 22:53:17', 6),
(381, '2018-07-09 22:54:25', '2018-07-09 22:54:51', 6),
(382, '2018-07-09 22:58:33', '2018-07-09 22:59:16', 6),
(383, '2018-07-09 23:01:52', '2018-07-09 23:02:01', 6),
(384, '2018-07-09 23:02:14', '2018-07-09 23:02:22', 6),
(385, '2018-07-09 23:02:49', '2018-07-09 23:03:13', 6),
(386, '2018-07-09 23:04:23', '2018-07-09 23:04:29', 6),
(387, '2018-07-09 23:04:56', '2018-07-09 23:05:34', 6),
(388, '2018-07-09 23:07:15', '2018-07-09 23:07:29', 6),
(389, '2018-07-09 23:09:47', '2018-07-09 23:10:24', 6),
(390, '2018-07-09 23:12:36', '2018-07-09 23:12:44', 6),
(391, '2018-07-09 23:17:01', '2018-07-09 23:17:52', 6),
(392, '2018-07-09 23:20:52', '2018-07-09 23:20:57', 6),
(393, '2018-07-09 23:21:36', '2018-07-09 23:21:44', 6),
(394, '2018-07-09 23:23:00', '2018-07-09 23:23:18', 6),
(395, '2018-07-09 23:23:50', '2018-07-09 23:23:54', 1),
(396, '2018-07-09 23:23:59', '2018-07-09 23:25:42', 6),
(397, '2018-07-09 23:27:54', '2018-07-09 23:29:22', 6),
(398, '2018-07-09 23:35:34', '2018-07-09 23:36:21', 6),
(399, '2018-07-09 23:38:10', '2018-07-09 23:38:23', 6),
(400, '2018-07-09 23:38:36', '2018-07-09 23:38:40', 6),
(401, '2018-07-09 23:39:14', '2018-07-09 23:39:24', 6),
(402, '2018-07-09 23:41:03', '2018-07-09 23:41:17', 1),
(403, '2018-07-09 23:42:29', '2018-07-09 23:52:33', 6),
(404, '2018-07-09 23:53:25', '2018-07-09 23:55:32', 6),
(405, '2018-07-09 23:57:09', '2018-07-09 23:57:56', 6),
(406, '2018-07-09 23:58:20', '2018-07-09 23:59:25', 6),
(407, '2018-07-10 00:20:41', '2018-07-10 00:20:57', 6),
(408, '2018-07-10 00:21:47', '2018-07-10 00:22:14', 6),
(409, '2018-07-10 00:22:49', '2018-07-10 00:23:25', 6),
(410, '2018-07-10 00:24:05', '2018-07-10 00:24:12', 6),
(411, '2018-07-10 00:24:30', '2018-07-10 00:24:55', 6),
(412, '2018-07-10 00:25:22', '2018-07-10 00:27:23', 6),
(413, '2018-07-10 00:25:08', '2018-07-10 00:27:25', 1),
(414, '2018-07-10 00:32:33', '2018-07-10 00:33:20', 6),
(415, '2018-07-10 00:34:42', '2018-07-10 00:35:01', 6),
(416, '2018-07-10 00:45:14', '2018-07-10 00:46:27', 6),
(417, '2018-07-10 00:46:47', '2018-07-10 00:46:57', 6),
(418, '2018-07-10 00:47:42', '2018-07-10 00:48:47', 6),
(419, '2018-07-10 00:51:45', '2018-07-10 00:51:53', 6),
(420, '2018-07-10 00:52:17', '2018-07-10 00:53:40', 6),
(421, '2018-07-10 00:54:12', '2018-07-10 00:54:38', 6),
(422, '2018-07-10 00:55:00', '2018-07-10 00:55:34', 6),
(423, '2018-07-10 01:11:25', '2018-07-10 01:12:14', 6),
(424, '2018-07-10 01:13:23', '2018-07-10 01:13:50', 6),
(425, '2018-07-10 01:12:54', '2018-07-10 01:13:57', 6),
(426, '2018-07-10 01:20:14', '2018-07-10 01:23:39', 6),
(427, '2018-07-10 01:24:14', '2018-07-10 01:26:06', 6),
(428, '2018-07-10 19:46:20', '2018-07-10 19:49:45', 6),
(429, '2018-07-10 20:08:06', '2018-07-10 20:08:12', 6),
(430, '2018-07-10 20:08:47', '2018-07-10 20:09:08', 6),
(431, '2018-07-10 20:10:10', '2018-07-10 20:10:50', 6),
(432, '2018-07-10 20:11:17', '2018-07-10 20:11:22', 6),
(433, '2018-07-10 20:11:36', '2018-07-10 20:11:47', 6),
(434, '2018-07-10 20:12:06', '2018-07-10 20:12:11', 6),
(435, '2018-07-10 20:12:26', '2018-07-10 20:12:38', 6),
(436, '2018-07-10 20:12:50', '2018-07-10 20:13:01', 6),
(437, '2018-07-10 20:18:37', '2018-07-10 20:19:16', 6),
(438, '2018-07-10 20:20:02', '2018-07-10 20:20:12', 6),
(439, '2018-07-10 20:31:33', '2018-07-10 20:31:41', 6),
(440, '2018-07-10 20:32:06', '2018-07-10 20:32:13', 6),
(441, '2018-07-10 20:33:04', '2018-07-10 20:34:39', 6),
(442, '2018-07-10 20:35:03', '2018-07-10 20:35:11', 6),
(443, '2018-07-10 20:35:17', '2018-07-10 20:36:30', 6),
(444, '2018-07-10 20:37:38', '2018-07-10 20:38:13', 6),
(445, '2018-07-10 20:38:29', '2018-07-10 20:39:09', 6),
(446, '2018-07-10 20:41:25', '2018-07-10 20:41:48', 6),
(447, '2018-07-10 20:43:50', '2018-07-10 20:44:47', 6),
(448, '2018-07-10 20:47:53', '2018-07-10 20:48:26', 6),
(449, '2018-07-10 21:00:15', '2018-07-10 21:01:15', 6),
(450, '2018-07-10 21:13:36', '2018-07-10 21:16:33', 6),
(451, '2018-07-10 21:17:39', '2018-07-10 21:18:28', 6),
(452, '2018-07-10 21:20:06', '2018-07-10 21:21:45', 6),
(453, '2018-07-10 21:23:20', '2018-07-10 21:24:14', 6),
(454, '2018-07-10 21:29:14', '2018-07-10 21:29:57', 6),
(455, '2018-07-10 21:32:48', '2018-07-10 21:32:58', 6),
(456, '2018-07-10 21:35:25', '2018-07-10 21:36:39', 6),
(457, '2018-07-10 21:37:54', '2018-07-10 21:39:01', 6),
(458, '2018-07-10 21:40:46', '2018-07-10 21:40:55', 6),
(459, '2018-07-10 21:47:16', '2018-07-10 21:47:50', 6),
(460, '2018-07-10 21:51:45', '2018-07-10 21:52:06', 6),
(461, '2018-07-10 21:54:51', '2018-07-10 21:55:00', 6),
(462, '2018-07-10 21:56:37', '2018-07-10 21:56:49', 6),
(463, '2018-07-10 21:57:09', '2018-07-10 21:57:32', 6),
(464, '2018-07-10 22:02:26', '2018-07-10 22:02:38', 6),
(465, '2018-07-10 22:03:28', '2018-07-10 22:04:00', 6),
(466, '2018-07-10 22:06:54', '2018-07-10 22:07:27', 6),
(467, '2018-07-10 22:08:53', '2018-07-10 22:09:03', 6),
(468, '2018-07-10 22:10:28', '2018-07-10 22:12:00', 6),
(469, '2018-07-10 22:13:01', '2018-07-10 22:14:22', 6),
(470, '2018-07-10 22:15:33', '2018-07-10 22:16:08', 6),
(471, '2018-07-12 13:42:34', '2018-07-12 13:45:12', 6),
(472, '2018-07-12 13:45:50', '2018-07-12 13:46:36', 6),
(473, '2018-07-12 13:47:36', '2018-07-12 13:48:00', 6),
(474, '2018-07-12 13:51:28', '2018-07-12 13:55:46', 6),
(475, '2018-07-12 13:56:43', '2018-07-12 13:58:02', 6),
(476, '2018-07-12 14:03:37', '2018-07-12 14:03:45', 6),
(477, '2018-07-12 14:04:37', '2018-07-12 14:04:50', 6),
(478, '2018-07-12 14:05:08', '2018-07-12 14:05:22', 6),
(479, '2018-07-12 14:06:15', '2018-07-12 14:06:26', 6),
(480, '2018-07-12 14:07:03', '2018-07-12 14:07:09', 6),
(481, '2018-07-12 14:07:16', '2018-07-12 14:07:32', 6),
(482, '2018-07-12 14:09:25', '2018-07-12 14:09:30', 6),
(483, '2018-07-12 14:09:43', '2018-07-12 14:09:54', 6),
(484, '2018-07-12 14:11:00', '2018-07-12 14:11:14', 6),
(485, '2018-07-12 14:11:29', '2018-07-12 14:11:39', 6),
(486, '2018-07-12 14:11:58', '2018-07-12 14:12:14', 6),
(487, '2018-07-12 14:12:29', '2018-07-12 14:12:33', 6),
(488, '2018-07-12 14:12:57', '2018-07-12 14:13:15', 6),
(489, '2018-07-12 14:14:34', '2018-07-12 14:14:52', 6),
(490, '2018-07-12 14:15:12', '2018-07-12 14:15:49', 6),
(491, '2018-07-12 14:16:16', '2018-07-12 14:16:42', 6),
(492, '2018-07-12 14:17:10', '2018-07-12 14:17:48', 6),
(493, '2018-07-12 14:19:32', '2018-07-12 14:19:37', 6),
(494, '2018-07-12 14:19:50', '2018-07-12 14:21:11', 6),
(495, '2018-07-12 14:21:29', '2018-07-12 14:21:43', 6),
(496, '2018-07-12 14:22:32', '2018-07-12 14:22:36', 6),
(497, '2018-07-12 14:22:58', '2018-07-12 14:23:09', 6),
(498, '2018-07-12 14:23:38', '2018-07-12 14:24:06', 6),
(499, '2018-07-12 14:24:25', '2018-07-12 14:24:44', 6),
(500, '2018-07-12 14:24:59', '2018-07-12 14:25:58', 6),
(501, '2018-07-12 14:26:23', '2018-07-12 14:26:32', 6),
(502, '2018-07-12 14:26:43', '2018-07-12 14:27:17', 6),
(503, '2018-07-12 14:27:38', '2018-07-12 14:27:51', 6),
(504, '2018-07-12 14:28:47', '2018-07-12 14:29:07', 6),
(505, '2018-07-12 14:29:52', '2018-07-12 14:29:59', 6),
(506, '2018-07-12 14:31:25', '2018-07-12 14:32:39', 6),
(507, '2018-07-12 14:33:01', '2018-07-12 14:33:38', 6),
(508, '2018-07-12 14:34:05', '2018-07-12 14:34:33', 6),
(509, '2018-07-12 14:34:46', '2018-07-12 14:35:02', 6),
(510, '2018-07-12 14:35:33', '2018-07-12 14:35:49', 6),
(511, '2018-07-12 14:36:03', '2018-07-12 14:36:21', 6),
(512, '2018-07-12 14:36:38', '2018-07-12 14:37:12', 6),
(513, '2018-07-12 14:37:30', '2018-07-12 14:38:08', 6),
(514, '2018-07-12 14:38:34', '2018-07-12 14:39:52', 6),
(515, '2018-07-12 14:39:57', '2018-07-12 14:40:58', 6),
(516, '2018-07-12 14:41:42', '2018-07-12 14:41:48', 6),
(517, '2018-07-12 14:42:28', '2018-07-12 14:42:48', 6),
(518, '2018-07-12 14:47:44', '2018-07-12 14:48:50', 6),
(519, '2018-07-12 14:49:12', '2018-07-12 14:49:20', 6),
(520, '2018-07-12 14:49:39', '2018-07-12 14:52:47', 6),
(521, '2018-07-12 15:02:54', '2018-07-12 15:03:46', 6),
(522, '2018-07-12 15:04:29', '2018-07-12 15:09:44', 6),
(523, '2018-07-12 15:12:17', '2018-07-12 15:14:03', 6),
(524, '2018-07-12 15:14:31', '2018-07-12 15:14:37', 6),
(525, '2018-07-12 15:14:51', '2018-07-12 15:15:16', 6),
(526, '2018-07-12 15:17:33', '2018-07-12 15:17:45', 6),
(527, '2018-07-12 15:20:55', '2018-07-12 15:22:38', 6),
(528, '2018-07-12 15:22:42', '2018-07-12 15:23:32', 1),
(529, '2018-07-12 15:23:39', '2018-07-12 15:33:28', 6),
(530, '2018-07-12 15:33:49', '2018-07-12 15:34:31', 6),
(531, '2018-07-12 15:35:55', '2018-07-12 15:37:23', 6),
(532, '2018-07-12 15:38:05', '2018-07-12 15:38:29', 6),
(533, '2018-07-12 15:38:41', '2018-07-12 15:39:10', 6),
(534, '2018-07-12 15:39:49', '2018-07-12 15:40:33', 6),
(535, '2018-07-12 15:43:09', '2018-07-12 15:43:21', 6),
(536, '2018-07-12 15:43:32', '2018-07-12 15:45:26', 6),
(537, '2018-07-12 15:47:41', '2018-07-12 16:26:45', 6),
(538, '2018-07-12 16:32:18', '2018-07-12 16:32:38', 6),
(539, '2018-07-12 16:33:42', '2018-07-12 16:33:55', 6),
(540, '2018-07-12 16:34:36', '2018-07-12 16:35:37', 6),
(541, '2018-07-12 16:40:27', '2018-07-12 16:41:39', 6),
(542, '2018-07-12 16:44:30', '2018-07-12 16:44:46', 6),
(543, '2018-07-12 16:48:37', '2018-07-12 16:48:46', 6),
(544, '2018-07-12 16:51:07', '2018-07-12 16:51:21', 6),
(545, '2018-07-12 16:51:46', '2018-07-12 16:52:12', 6),
(546, '2018-07-12 16:53:58', '2018-07-12 16:56:38', 6),
(547, '2018-07-12 17:04:28', '2018-07-12 17:05:16', 6),
(548, '2018-07-12 17:06:23', '2018-07-12 17:07:31', 6),
(549, '2018-07-12 17:10:27', '2018-07-12 17:11:12', 6),
(550, '2018-07-12 17:12:05', '2018-07-12 17:13:23', 6),
(551, '2018-07-12 17:14:49', '2018-07-12 17:18:00', 6),
(552, '2018-07-12 17:22:48', '2018-07-12 17:23:19', 6),
(553, '2018-07-14 14:43:21', '2018-07-14 14:45:19', 6),
(554, '2018-07-14 20:01:57', '2018-07-14 20:09:52', 6),
(555, '2018-07-14 20:17:23', '2018-07-14 20:18:40', 6),
(556, '2018-07-14 20:25:15', '2018-07-14 20:25:56', 6),
(557, '2018-07-14 20:28:16', '2018-07-14 20:29:28', 6),
(558, '2018-07-14 20:34:30', '2018-07-14 20:34:37', 6),
(559, '2018-07-14 20:35:06', '2018-07-14 20:35:12', 6),
(560, '2018-07-14 20:35:59', '2018-07-14 20:36:06', 6),
(561, '2018-07-14 20:36:14', '2018-07-14 20:36:27', 6),
(562, '2018-07-14 20:38:40', '2018-07-14 20:39:03', 6),
(563, '2018-07-14 20:39:38', '2018-07-14 20:41:15', 6),
(564, '2018-07-14 20:41:23', '2018-07-14 20:41:33', 6),
(565, '2018-07-14 20:42:50', '2018-07-14 20:43:02', 6),
(566, '2018-07-14 20:43:30', '2018-07-14 20:44:26', 6),
(567, '2018-07-14 20:44:35', '2018-07-14 20:45:52', 6),
(568, '2018-07-14 20:47:35', '2018-07-14 20:49:20', 6),
(569, '2018-07-14 20:49:48', '2018-07-14 20:51:00', 6),
(570, '2018-07-14 20:56:34', '2018-07-14 20:59:42', 6),
(571, '2018-07-14 20:51:42', '2018-07-14 20:59:44', 6),
(572, '2018-07-14 21:00:30', '2018-07-14 21:01:34', 6),
(573, '2018-07-14 21:06:46', '2018-07-14 21:13:57', 6),
(574, '2018-07-14 21:15:21', '2018-07-14 21:18:48', 6),
(575, '2018-07-19 00:07:41', '2018-07-19 00:26:01', 6),
(576, '2018-08-07 23:12:46', '2018-08-07 23:14:36', 6),
(577, '2018-08-07 23:14:56', '2018-08-07 23:16:15', 1),
(578, '2018-08-07 23:17:34', '2018-08-07 23:17:56', 6),
(579, '2018-08-07 23:18:15', '2018-08-07 23:18:29', 6),
(580, '2018-08-07 23:17:08', '2018-08-07 23:20:57', 1),
(581, '2018-08-08 01:33:29', '2018-08-08 01:37:51', 6),
(582, '2018-08-08 01:37:32', '2018-08-08 01:48:26', 1),
(583, '2018-08-14 15:32:42', '2018-08-14 15:33:35', 1),
(584, '2018-08-14 15:33:39', '2018-08-14 15:33:56', 6),
(585, '2018-08-22 19:42:09', '2018-08-22 19:43:02', 1),
(586, '2018-09-04 15:44:35', '2018-09-04 15:47:31', 2),
(587, '2018-09-04 15:47:38', '2018-09-04 15:48:23', 6),
(588, '2018-09-04 15:55:28', '2018-09-04 15:59:27', 2),
(589, '2018-09-04 16:00:42', '2018-09-04 16:00:56', 6),
(590, '2018-09-04 16:00:18', '2018-09-04 16:01:08', 1),
(591, '2019-02-01 14:59:18', '2019-02-01 15:01:52', 6),
(592, '2019-02-01 15:01:58', '2019-02-01 15:03:48', 1),
(593, '2019-02-01 15:03:51', '2019-02-01 15:04:02', 6),
(594, '2019-02-01 15:04:06', '2019-02-01 15:04:12', 1),
(595, '2019-02-15 23:20:27', '2019-02-15 23:34:40', 6),
(596, '2019-02-15 23:34:47', '2019-02-15 23:51:13', 1),
(597, '2019-02-15 23:51:18', '2019-02-15 23:54:27', 6),
(598, '2019-02-28 12:32:21', '2019-02-28 12:33:52', 6),
(599, '2019-02-28 12:45:43', '2019-02-28 12:45:54', 6),
(600, '2019-02-28 12:46:00', '2019-02-28 12:46:26', 1),
(601, '2019-02-28 12:46:31', '2019-02-28 12:46:33', 6),
(602, '2019-02-28 12:46:41', '2019-02-28 12:46:55', 1),
(603, '2019-02-28 12:49:15', '2019-02-28 12:49:28', 6),
(604, '2019-02-28 13:11:49', '2019-02-28 13:12:04', 6),
(605, '2019-02-28 13:13:21', '2019-02-28 13:13:51', 6),
(606, '2019-02-28 13:14:00', '2019-02-28 13:14:03', 1),
(607, '2019-02-28 13:14:06', '2019-02-28 13:14:11', 6),
(608, '2019-02-28 13:15:06', '2019-02-28 13:15:14', 6),
(609, '2019-02-28 13:16:24', '2019-02-28 13:16:34', 6),
(610, '2019-02-28 13:18:03', '2019-02-28 13:19:10', 6),
(611, '2019-03-02 14:11:23', '2019-03-02 14:12:08', 6),
(612, '2019-03-02 14:18:10', '2019-03-02 14:19:29', 6),
(613, '2019-03-02 14:20:29', '2019-03-02 14:20:38', 6),
(614, '2019-03-02 14:26:54', '2019-03-02 14:31:31', 6),
(615, '2019-03-02 14:31:40', '2019-03-02 14:32:44', 6),
(616, '2019-03-02 14:32:53', '2019-03-02 14:35:21', 6),
(617, '2019-03-02 14:35:46', '2019-03-02 14:36:17', 6),
(618, '2019-03-02 14:36:53', '2019-03-02 14:37:15', 6),
(619, '2019-03-02 14:38:59', '2019-03-02 14:39:13', 6),
(620, '2019-03-02 14:46:47', '2019-03-02 14:47:36', 6),
(621, '2019-03-02 15:17:19', '2019-03-02 15:19:20', 6),
(622, '2019-03-04 03:08:03', '2019-03-04 03:15:58', 6),
(623, '2019-03-04 03:16:03', '2019-03-04 03:16:55', 1),
(624, '2019-03-04 03:17:00', '2019-03-04 03:19:30', 6),
(625, '2019-03-04 03:25:34', '2019-03-04 03:26:26', 1),
(626, '2019-03-04 03:26:32', '2019-03-04 03:27:06', 6),
(627, '2019-03-04 03:28:56', '2019-03-04 03:31:19', 6),
(628, '2019-03-04 03:41:35', '2019-03-04 03:42:08', 6),
(629, '2019-03-04 03:42:43', '2019-03-04 03:43:35', 6),
(630, '2019-03-04 03:43:39', '2019-03-04 03:44:49', 1),
(631, '2019-03-04 03:44:54', '2019-03-04 03:46:07', 6),
(632, '2019-03-04 03:47:43', '2019-03-04 03:52:29', 6),
(633, '2019-03-04 03:53:45', '2019-03-04 03:58:53', 6),
(634, '2019-03-04 04:06:29', '2019-03-04 04:06:45', 6),
(635, '2019-03-04 04:07:37', '2019-03-04 04:08:31', 6),
(636, '2019-03-04 04:17:16', '2019-03-04 04:17:36', 6),
(637, '2019-03-04 04:17:59', '2019-03-04 04:18:15', 6),
(638, '2019-03-04 04:18:40', '2019-03-04 04:18:59', 6),
(639, '2019-03-04 04:21:39', '2019-03-04 04:22:03', 6),
(640, '2019-03-04 04:22:32', '2019-03-04 04:23:16', 6),
(641, '2019-03-04 04:25:22', '2019-03-04 04:25:35', 6),
(642, '2019-03-04 04:26:43', '2019-03-04 04:27:00', 6),
(643, '2019-03-04 04:34:10', '2019-03-04 04:34:23', 6),
(644, '2019-03-04 04:38:23', '2019-03-04 04:38:44', 6),
(645, '2019-03-04 04:43:37', '2019-03-04 04:43:57', 6),
(646, '2019-03-04 04:45:24', '2019-03-04 04:45:43', 6),
(647, '2019-03-04 04:48:12', '2019-03-04 04:48:38', 6),
(648, '2019-03-04 04:50:22', '2019-03-04 04:51:00', 6),
(649, '2019-03-04 04:52:02', '2019-03-04 04:52:16', 6),
(650, '2019-03-04 04:53:11', '2019-03-04 04:53:26', 6),
(651, '2019-03-04 04:53:44', '2019-03-04 04:54:04', 6),
(652, '2019-03-04 04:54:47', '2019-03-04 04:55:13', 6),
(653, '2019-03-04 04:55:34', '2019-03-04 04:55:54', 6),
(654, '2019-03-04 04:58:06', '2019-03-04 04:58:23', 6),
(655, '2019-03-04 11:08:03', '2019-03-04 11:08:24', 6),
(656, '2019-03-04 11:17:36', '2019-03-04 11:18:36', 6),
(657, '2019-03-04 11:18:51', '2019-03-04 11:19:29', 6),
(658, '2019-03-04 11:19:47', '2019-03-04 11:20:14', 6),
(659, '2019-03-04 11:21:26', '2019-03-04 11:21:52', 6),
(660, '2019-03-04 11:22:11', '2019-03-04 11:22:23', 6),
(661, '2019-03-04 11:22:54', '2019-03-04 11:23:25', 6),
(662, '2019-03-04 11:24:49', '2019-03-04 11:25:04', 6),
(663, '2019-03-04 11:27:08', '2019-03-04 11:27:27', 6),
(664, '2019-03-04 11:27:57', '2019-03-04 11:29:29', 6),
(665, '2019-03-04 11:31:39', '2019-03-04 11:32:00', 6),
(666, '2019-03-04 11:34:09', '2019-03-04 11:36:13', 6),
(667, '2019-03-04 11:38:21', '2019-03-04 11:38:51', 6),
(668, '2019-03-04 11:39:55', '2019-03-04 11:41:58', 6),
(669, '2019-03-04 11:42:48', '2019-03-04 11:43:59', 6),
(670, '2019-03-04 11:44:30', '2019-03-04 11:45:43', 6),
(671, '2019-03-04 11:45:47', '2019-03-04 11:46:08', 1),
(672, '2019-03-04 11:47:02', '2019-03-04 11:47:22', 6),
(673, '2019-03-04 11:48:51', '2019-03-04 11:49:07', 6),
(674, '2019-03-04 11:49:30', '2019-03-04 11:51:03', 6),
(675, '2019-03-04 11:51:08', '2019-03-04 11:52:07', 1),
(676, '2019-03-04 12:19:15', '2019-03-04 12:19:57', 6),
(677, '2019-03-04 14:20:15', '2019-03-04 14:21:06', 6),
(678, '2019-03-04 14:21:55', '2019-03-04 14:22:31', 6),
(679, '2019-03-04 14:24:27', '2019-03-04 14:24:46', 6),
(680, '2019-03-04 14:29:05', '2019-03-04 14:29:20', 6),
(681, '2019-03-04 14:31:02', '2019-03-04 14:34:37', 6),
(682, '2019-03-04 15:04:44', '2019-03-04 15:06:04', 6),
(683, '2019-03-04 15:07:14', '2019-03-04 15:08:36', 6),
(684, '2019-03-04 15:09:19', '2019-03-04 15:09:57', 6),
(685, '2019-03-04 15:11:41', '2019-03-04 15:12:00', 6),
(686, '2019-03-04 15:13:19', '2019-03-04 15:13:56', 6),
(687, '2019-03-04 15:14:12', '2019-03-04 15:14:36', 6),
(688, '2019-03-04 15:14:54', '2019-03-04 15:15:36', 6),
(689, '2019-03-04 15:20:20', '2019-03-04 15:21:13', 6),
(690, '2019-03-04 15:21:59', '2019-03-04 15:22:42', 6),
(691, '2019-03-04 15:24:51', '2019-03-04 15:26:58', 6),
(692, '2019-03-04 15:27:17', '2019-03-04 15:27:56', 6),
(693, '2019-03-04 15:35:58', '2019-03-04 15:36:09', 6),
(694, '2019-03-04 15:38:43', '2019-03-04 15:40:10', 6),
(695, '2019-03-04 15:41:50', '2019-03-04 15:44:20', 6),
(696, '2019-03-04 15:45:48', '2019-03-04 15:46:07', 6),
(697, '2019-03-04 15:48:30', '2019-03-04 15:49:43', 6),
(698, '2019-03-04 15:50:01', '2019-03-04 15:51:18', 6),
(699, '2019-03-04 15:59:39', '2019-03-04 16:01:42', 6),
(700, '2019-03-04 16:04:09', '2019-03-04 16:04:40', 6),
(701, '2019-03-04 16:07:07', '2019-03-04 16:09:49', 6),
(702, '2019-03-04 16:16:05', '2019-03-04 16:16:35', 6),
(703, '2019-03-04 16:17:41', '2019-03-04 16:18:28', 6),
(704, '2019-03-04 16:22:56', '2019-03-04 16:26:44', 6),
(705, '2019-03-04 16:26:47', '2019-03-04 16:29:13', 1);

-- --------------------------------------------------------

--
-- Estrutura da tabela `tb_empresa`
--

CREATE TABLE `tb_empresa` (
  `id_empresa` int(11) NOT NULL,
  `nome_empresa` varchar(100) NOT NULL,
  `cnpj_empresa` varchar(50) NOT NULL,
  `telefone_empresa` varchar(50) NOT NULL,
  `cidade_empresa` varchar(50) NOT NULL,
  `endereco_empresa` varchar(100) NOT NULL,
  `email_empresa` varchar(70) NOT NULL,
  `descricao_empresa` text NOT NULL,
  `logo_empresa` varchar(50) DEFAULT NULL
) ENGINE=MyISAM DEFAULT CHARSET=utf8;

--
-- Extraindo dados da tabela `tb_empresa`
--

INSERT INTO `tb_empresa` (`id_empresa`, `nome_empresa`, `cnpj_empresa`, `telefone_empresa`, `cidade_empresa`, `endereco_empresa`, `email_empresa`, `descricao_empresa`, `logo_empresa`) VALUES
(1, 'Carrinho de supermercados', '12.345.678/9101-23', '(12)34567-8911', 'Fortaleza-Ce', 'Rua Av. Bezerra de Menezes', 'carrinhodesupermercados@gmail.com', 'Empresa especializada na venda de utensílios domésticos.', 'logo_da_empresa/lo2.jpeg');

-- --------------------------------------------------------

--
-- Estrutura da tabela `tb_fornecedor`
--

CREATE TABLE `tb_fornecedor` (
  `id_fornecedor` int(11) NOT NULL,
  `nome_fornecedor` varchar(50) NOT NULL,
  `endereco_fornecedor` varchar(50) DEFAULT NULL,
  `telefone_fornecedor` varchar(20) DEFAULT NULL,
  `cnpj_fornecedor` varchar(20) DEFAULT NULL
) ENGINE=InnoDB DEFAULT CHARSET=utf8;

--
-- Extraindo dados da tabela `tb_fornecedor`
--

INSERT INTO `tb_fornecedor` (`id_fornecedor`, `nome_fornecedor`, `endereco_fornecedor`, `telefone_fornecedor`, `cnpj_fornecedor`) VALUES
(2, 'fornecedor1', 'Rua Francisco jose da silva - 1520', '(99)99999-9999', '77.777.777/7777-77'),
(3, 'fronecedor2', 'Rua 105', '(77)77777-7777', '99.999.999/9999-99'),
(4, 'fornecedor3', 'Rua 4', '(11)11111-1111', '22.222.222/2222-22'),
(5, 'fornecedor4', 'Rua 12', '(22)22222-2222', '22.222.222/2222-22'),
(6, 'forne5', 'teste754', '(11)11111-1111', '55.555.555/5555-55'),
(7, 'forne6', 'teste1', '(22)22222-2222', '55.555.555/5555-55'),
(12, 'forne11', 'teste11', '(44)44444-4448', '55.555.555/5555-58'),
(13, 'forne7', 'Rua Francisco Jose da Silva - 1560', '(88)88888-8888', '99.999.999/9999-99'),
(14, 'forne12', 'teste15', '(11)11111-1112', '11.111.111/1111-12'),
(16, 'testeForne', 'Rua teste', '(11)11111-1111', '22.222.222/2222-22');

-- --------------------------------------------------------

--
-- Estrutura da tabela `tb_funcionarios`
--

CREATE TABLE `tb_funcionarios` (
  `id_funcionarios` int(11) NOT NULL,
  `nome_funcionarios` varchar(100) NOT NULL,
  `email_funcionarios` varchar(100) NOT NULL,
  `login_funcionarios` varchar(100) NOT NULL,
  `senha_funcionarios` varchar(100) NOT NULL,
  `cpf_funcionarios` varchar(20) NOT NULL,
  `telefone_funcionarios` varchar(30) NOT NULL,
  `endereco_funcionarios` varchar(100) NOT NULL,
  `nivel_funcionarios` enum('0','1') NOT NULL COMMENT '0 - Caixa; 1 - Administrador',
  `ativo_funcionarios` enum('0','1') NOT NULL DEFAULT '1' COMMENT '0 - Não; 1 - Sim ',
  `online_funcionarios` int(11) NOT NULL DEFAULT '0' COMMENT '0 - offline'
) ENGINE=InnoDB DEFAULT CHARSET=utf8;

--
-- Extraindo dados da tabela `tb_funcionarios`
--

INSERT INTO `tb_funcionarios` (`id_funcionarios`, `nome_funcionarios`, `email_funcionarios`, `login_funcionarios`, `senha_funcionarios`, `cpf_funcionarios`, `telefone_funcionarios`, `endereco_funcionarios`, `nivel_funcionarios`, `ativo_funcionarios`, `online_funcionarios`) VALUES
(1, 'Antonio David Tavares Amurim', 'a@gmail.com', 'java', '123', '123.456.789-10', '(12)34567-8912', 'Av. Coronel Franciscos Linhares', '1', '1', 0),
(2, 'Funcionario Teste', 'a7@gmail.com', 'java1', '123', '222.222.222-27', '(23)33333-3337', 'Rua teste77', '1', '1', 0),
(6, 'caixa teste', 'w@gmail.com', 'java2', '123', '555.555.555-56', '(11)11111-1111', 'teste27', '0', '1', 0),
(13, 'caixa2', 'caixa2@gmail.com', 'java3', '123', '999.999.999-99', '(88)88888-8888', 'teste endereço', '0', '1', 0),
(14, 'teste', 'hg@gmail.com', 'java4', '123', '000.000.000-00', '(00)00000-0000', 'teste rua', '0', '0', 0);

-- --------------------------------------------------------

--
-- Estrutura da tabela `tb_grupos`
--

CREATE TABLE `tb_grupos` (
  `id_grupos` int(11) NOT NULL,
  `nome_grupos` varchar(100) NOT NULL,
  `descricao_grupos` text NOT NULL
) ENGINE=InnoDB DEFAULT CHARSET=utf8;

--
-- Extraindo dados da tabela `tb_grupos`
--

INSERT INTO `tb_grupos` (`id_grupos`, `nome_grupos`, `descricao_grupos`) VALUES
(2, 'bombom', 'todos os tipos de bombons!'),
(6, 'plasticos', 'copos, pratos'),
(16, 'outros', 'outros'),
(17, 'decoração', 'artigos decorativos'),
(18, 'teste', 'teste'),
(19, 'teste2', 'teste2'),
(20, 'teste3', 'teste'),
(28, 'teste4', 'Sem descrição.');

-- --------------------------------------------------------

--
-- Estrutura da tabela `tb_historico`
--

CREATE TABLE `tb_historico` (
  `id_historico` int(11) NOT NULL,
  `data_historico` date NOT NULL,
  `tipo_historico` enum('0','1','2','3') NOT NULL COMMENT '0 - Produtos; 1 - Fornecedores; 2 - Promoções; 3 - Funcionários',
  `descricao_historico` text NOT NULL,
  `id_funcionario_historico` int(11) NOT NULL
) ENGINE=InnoDB DEFAULT CHARSET=utf8;

--
-- Extraindo dados da tabela `tb_historico`
--

INSERT INTO `tb_historico` (`id_historico`, `data_historico`, `tipo_historico`, `descricao_historico`, `id_funcionario_historico`) VALUES
(1, '2018-02-14', '0', 'O produto de código \"896\" foi CADASTRADO.', 1),
(2, '2018-02-15', '0', 'O produto de código \"1\" foi EDITADO.', 1),
(3, '2018-02-15', '0', 'O produto de código \"896\" foi EXCLUÍDO.', 1),
(4, '2018-02-15', '0', 'O produto de código \"1111\" foi EXCLUÍDO.', 1),
(5, '2018-02-15', '0', 'O produto de código \"444\" foi EXCLUÍDO.', 1),
(6, '2018-02-15', '0', 'O produto de código \"1010\" foi EXCLUÍDO.', 1),
(7, '2018-02-15', '0', 'O produto de código \"1011\" foi EXCLUÍDO.', 1),
(8, '2018-02-15', '1', 'O fornecedor \"forne13\" foi CADASTRADO.', 1),
(9, '2018-02-15', '1', 'O fornecedor \"forne13\" foi EDITADO.', 1),
(10, '2018-02-15', '1', 'O fornecedor \"forne13\" foi EXCLUÍDO.', 1),
(11, '2018-02-15', '2', 'A promoção do produto de código \"12\" foi CADASTRADA.', 1),
(12, '2018-02-15', '2', 'A promoção do produto de código \"12\" foi EDITADA.', 1),
(13, '2018-02-15', '2', 'A promoção do produto de código \"12\" foi CADASTRADA.', 1),
(14, '2018-02-15', '2', 'A promoção do produto de código \"12\" foi EXCLUÍDA.', 1),
(18, '2018-02-15', '3', 'O funcionário \"a\" foi CADASTRADO.', 1),
(19, '2018-02-15', '3', 'O funcionário \"a\" foi EDITADO.', 1),
(20, '2018-02-15', '3', 'O funcionário \"a\" foi EXCLUÍDO.', 1),
(21, '2018-02-15', '3', 'O funcionário \"caixa teste\" foi EDITADO.', 2),
(22, '2018-02-15', '1', 'O fornecedor \"forne5\" foi EDITADO.', 2),
(23, '2018-02-19', '3', 'O funcionário \"caixa2\" foi CADASTRADO.', 1),
(24, '2018-02-19', '2', 'A promoção do produto de código \"3\" foi EXCLUÍDA.', 1),
(25, '2018-02-19', '1', 'O fornecedor \"forne12\" foi EDITADO.', 1),
(26, '2018-02-19', '2', 'A promoção do produto de código \"888\" foi EDITADA.', 1),
(27, '2018-02-19', '0', 'O produto de código \"1\" foi EDITADO.', 1),
(28, '2018-02-19', '0', 'O produto de código \"1\" foi EDITADO.', 1),
(29, '2018-02-19', '0', 'O produto de código \"1\" foi EDITADO.', 1),
(30, '2018-02-25', '2', 'A promoção do produto de código \"1\" foi CADASTRADA.', 1),
(31, '2018-02-25', '2', 'A promoção do produto de código \"1\" foi EXCLUÍDA.', 1),
(32, '2018-02-25', '2', 'A promoção do produto de código \"1\" foi CADASTRADA.', 1),
(33, '2018-02-25', '2', 'A promoção do produto de código \"1\" foi EXCLUÍDA.', 1),
(34, '2018-02-25', '1', 'O fornecedor \"asd\" foi CADASTRADO.', 1),
(35, '2018-02-25', '1', 'O fornecedor \"asd\" foi EXCLUÍDO.', 1),
(36, '2018-04-02', '2', 'A promoção do produto de código \"4\" foi CADASTRADA.', 1),
(37, '2018-04-02', '0', 'O produto de código \"1\" foi EDITADO.', 1),
(38, '2018-04-20', '1', 'O fornecedor \"d\" foi CADASTRADO.', 1),
(39, '2018-04-20', '1', 'O fornecedor \"d\" foi EXCLUÍDO.', 1),
(40, '2018-04-26', '0', 'O produto de código \"1\" foi EDITADO.', 1),
(41, '2018-06-28', '0', 'O produto de código \"3\" foi EDITADO.', 1),
(42, '2018-07-05', '3', 'O funcionário \"teste\" foi CADASTRADO.', 1),
(43, '2018-07-05', '3', 'O funcionário \"teste\" foi EDITADO.', 1),
(44, '2018-07-05', '3', 'O funcionário \"teste\" foi EDITADO.', 1),
(45, '2018-08-08', '2', 'A promoção do produto de código \"5\" foi CADASTRADA.', 1),
(46, '2018-08-08', '2', 'A promoção do produto de código \"5\" foi EDITADA.', 1),
(47, '2018-08-08', '2', 'A promoção do produto de código \"5\" foi EXCLUÍDA.', 1),
(48, '2019-03-04', '2', 'A promoção do produto de código \"4\" foi EXCLUÍDA.', 1),
(49, '2019-03-04', '2', 'A promoção do produto de código \"1223354\" foi EDITADA.', 1);

-- --------------------------------------------------------

--
-- Estrutura da tabela `tb_produtos`
--

CREATE TABLE `tb_produtos` (
  `id_produtos` int(11) NOT NULL,
  `codigo_produtos` varchar(50) NOT NULL,
  `nome_produtos` varchar(100) NOT NULL,
  `preco_produtos` float NOT NULL,
  `custo_produtos` float NOT NULL,
  `data_entrega_produtos` date NOT NULL,
  `data_validade_produtos` date DEFAULT NULL,
  `quantidade_produtos` int(11) NOT NULL,
  `marca_produtos` varchar(50) NOT NULL,
  `descricao_produtos` text NOT NULL,
  `id_grupo_produtos` int(11) NOT NULL,
  `id_fornecedor_produtos` int(11) NOT NULL
) ENGINE=InnoDB DEFAULT CHARSET=utf8;

--
-- Extraindo dados da tabela `tb_produtos`
--

INSERT INTO `tb_produtos` (`id_produtos`, `codigo_produtos`, `nome_produtos`, `preco_produtos`, `custo_produtos`, `data_entrega_produtos`, `data_validade_produtos`, `quantidade_produtos`, `marca_produtos`, `descricao_produtos`, `id_grupo_produtos`, `id_fornecedor_produtos`) VALUES
(23, '1', 'serenata', 1.5, 0.75, '2018-01-05', '2018-11-21', 160, 'garoto', 'Bombons de chocolate', 2, 4),
(24, '2', 'prato', 4.5, 2.75, '2018-01-03', NULL, 50, 'desconhecida', 'prato de plastico descartavel', 6, 5),
(25, '3', 'produto1', 2.75, 2, '2018-01-01', '2018-08-15', 25, 'desconhecida', 'sem descrição', 17, 4),
(26, '4', 'produto2', 6, 5, '2018-01-03', '2018-01-16', 50, 'teste', 'sem descrição', 17, 3),
(27, '5', 'produto3', 7.5, 6.75, '2018-01-05', '2018-01-17', 125, 'marca1', 'sem descrição', 18, 7),
(28, '6', 'produto5', 8, 5.5, '2018-01-13', '2018-01-18', 400, 'teste', 'sem descrição', 6, 5),
(29, '7', 'produto6', 4, 2, '2018-01-01', '2018-02-04', 200, 'teste', 'sem descrição', 2, 3),
(30, '8', 'produto7', 3, 1.5, '2018-01-09', '2018-03-09', 300, 'teste', 'sem descrição', 17, 2),
(32, '9', 'produto9', 5, 4, '2018-01-25', '2018-04-17', 10, 'testeMarca', 'Sem descrição.', 16, 6),
(33, '10', 'prodtuto10', 9, 5, '2018-01-18', NULL, 400, 'teste', 'Sem descrição.', 6, 7),
(34, '11', 'produto 11', 8.75, 8, '2018-01-18', '2018-01-31', 140, 'teste', 'testeDescrição', 2, 4),
(35, '1223354', 'Árvore de Natal', 17.99, 15.99, '2018-01-18', NULL, 600, 'Árvores marcas', 'Enfeite de natal.', 17, 3),
(36, '1122554', 'testeProduto', 9.85, 5.2, '2018-01-18', '2018-01-18', 550, 'teste', 'Sem descrição.', 17, 3),
(37, '4457', 'teste', 6, 2, '2018-01-18', NULL, 450, 'teste', 'Sem descrição.', 6, 2),
(38, '112233', 'teste2', 7, 4, '2018-01-18', NULL, 190, 'marca2', 'Sem descrição.', 19, 6),
(39, '88', 'produto88', 8.99, 5.99, '2018-01-18', '2018-01-26', 500, 'desconhecida', 'Sem descrição.Sem descrição.Sem descrição.\nSem descrição.Sem descrição.Sem descrição.Sem descrição.Sem descrição.Sem descrição.Sem descrição.\nSem descrição.Sem descrição.Sem descrição.Sem descrição.', 6, 13),
(40, '12', 'produto12', 60, 45, '2018-01-19', '2018-04-16', 1000, 'teste', 'Sem descrição.', 16, 13),
(43, '123', 'produtoTeste', 4, 3, '2018-02-02', '2018-02-28', 10, 'marca', 'Sem descrição.', 16, 7),
(44, '1251', 'testeteste', 9, 8, '2018-02-02', NULL, 120, 'teste', 'teste', 6, 6),
(45, '888', 'a', 5, 1, '2018-02-11', NULL, 0, 'a', 'Sem descrição.', 2, 12),
(46, '777', 'b', 8, 2.2, '2018-02-11', NULL, 0, 'b', 'Sem descrição.', 2, 12);

-- --------------------------------------------------------

--
-- Estrutura da tabela `tb_promocao`
--

CREATE TABLE `tb_promocao` (
  `id_promocao` int(11) NOT NULL,
  `preco_promocao` float NOT NULL,
  `observacao_promocao` text NOT NULL,
  `id_produto_promocao` int(11) NOT NULL
) ENGINE=InnoDB DEFAULT CHARSET=utf8;

--
-- Extraindo dados da tabela `tb_promocao`
--

INSERT INTO `tb_promocao` (`id_promocao`, `preco_promocao`, `observacao_promocao`, `id_produto_promocao`) VALUES
(3, 10.99, 'Sem observação.', 35),
(5, 4, 'Sem observação.', 45);

-- --------------------------------------------------------

--
-- Estrutura da tabela `tb_vendas`
--

CREATE TABLE `tb_vendas` (
  `id_vendas` int(11) NOT NULL,
  `codigo_vendas` int(11) NOT NULL,
  `data_vendas` date NOT NULL,
  `observacao_vendas` text NOT NULL,
  `desconto_vendas` float NOT NULL,
  `id_funcionario_vendas` int(11) NOT NULL
) ENGINE=InnoDB DEFAULT CHARSET=utf8;

--
-- Extraindo dados da tabela `tb_vendas`
--

INSERT INTO `tb_vendas` (`id_vendas`, `codigo_vendas`, `data_vendas`, `observacao_vendas`, `desconto_vendas`, `id_funcionario_vendas`) VALUES
(4, 1, '2018-02-18', 'Sem Observação', 1, 6),
(5, 2, '2018-02-10', 'Teste Observação.', 0, 6),
(6, 3, '2018-02-09', 'Observação', 2.5, 13);

-- --------------------------------------------------------

--
-- Estrutura da tabela `tb_vendidos`
--

CREATE TABLE `tb_vendidos` (
  `id_vendidos` int(11) NOT NULL,
  `preco_unitario_vendidos` float NOT NULL,
  `quantidade_vendidos` int(11) NOT NULL,
  `promocao_vendidos` enum('0','1') NOT NULL DEFAULT '0' COMMENT '0 - Não; 1 - Sim;',
  `id_produto_vendidos` int(11) NOT NULL,
  `id_venda_vendidos` int(11) NOT NULL
) ENGINE=InnoDB DEFAULT CHARSET=utf8;

--
-- Extraindo dados da tabela `tb_vendidos`
--

INSERT INTO `tb_vendidos` (`id_vendidos`, `preco_unitario_vendidos`, `quantidade_vendidos`, `promocao_vendidos`, `id_produto_vendidos`, `id_venda_vendidos`) VALUES
(1, 1.5, 2, '0', 23, 4),
(2, 4.5, 1, '0', 24, 4),
(3, 1.5, 3, '0', 23, 5),
(4, 2.75, 2, '0', 25, 6),
(5, 4.5, 1, '0', 24, 6);

--
-- Indexes for dumped tables
--

--
-- Indexes for table `tb_acessos`
--
ALTER TABLE `tb_acessos`
  ADD PRIMARY KEY (`id_acessos`),
  ADD KEY `fk_funcionarios3` (`id_funcionario_acessos`);

--
-- Indexes for table `tb_empresa`
--
ALTER TABLE `tb_empresa`
  ADD PRIMARY KEY (`id_empresa`);

--
-- Indexes for table `tb_fornecedor`
--
ALTER TABLE `tb_fornecedor`
  ADD PRIMARY KEY (`id_fornecedor`);

--
-- Indexes for table `tb_funcionarios`
--
ALTER TABLE `tb_funcionarios`
  ADD PRIMARY KEY (`id_funcionarios`);

--
-- Indexes for table `tb_grupos`
--
ALTER TABLE `tb_grupos`
  ADD PRIMARY KEY (`id_grupos`);

--
-- Indexes for table `tb_historico`
--
ALTER TABLE `tb_historico`
  ADD PRIMARY KEY (`id_historico`),
  ADD KEY `fk_funcionarios2` (`id_funcionario_historico`);

--
-- Indexes for table `tb_produtos`
--
ALTER TABLE `tb_produtos`
  ADD PRIMARY KEY (`id_produtos`),
  ADD KEY `fk_grupos` (`id_grupo_produtos`),
  ADD KEY `fk_fornecedor` (`id_fornecedor_produtos`);

--
-- Indexes for table `tb_promocao`
--
ALTER TABLE `tb_promocao`
  ADD PRIMARY KEY (`id_promocao`),
  ADD KEY `fk_produtos2` (`id_produto_promocao`);

--
-- Indexes for table `tb_vendas`
--
ALTER TABLE `tb_vendas`
  ADD PRIMARY KEY (`id_vendas`),
  ADD KEY `fk_funcionarios` (`id_funcionario_vendas`);

--
-- Indexes for table `tb_vendidos`
--
ALTER TABLE `tb_vendidos`
  ADD PRIMARY KEY (`id_vendidos`),
  ADD KEY `fk_produtos3` (`id_produto_vendidos`),
  ADD KEY `fk_venda` (`id_venda_vendidos`);

--
-- AUTO_INCREMENT for dumped tables
--

--
-- AUTO_INCREMENT for table `tb_acessos`
--
ALTER TABLE `tb_acessos`
  MODIFY `id_acessos` int(11) NOT NULL AUTO_INCREMENT, AUTO_INCREMENT=706;

--
-- AUTO_INCREMENT for table `tb_empresa`
--
ALTER TABLE `tb_empresa`
  MODIFY `id_empresa` int(11) NOT NULL AUTO_INCREMENT, AUTO_INCREMENT=2;

--
-- AUTO_INCREMENT for table `tb_fornecedor`
--
ALTER TABLE `tb_fornecedor`
  MODIFY `id_fornecedor` int(11) NOT NULL AUTO_INCREMENT, AUTO_INCREMENT=17;

--
-- AUTO_INCREMENT for table `tb_funcionarios`
--
ALTER TABLE `tb_funcionarios`
  MODIFY `id_funcionarios` int(11) NOT NULL AUTO_INCREMENT, AUTO_INCREMENT=15;

--
-- AUTO_INCREMENT for table `tb_grupos`
--
ALTER TABLE `tb_grupos`
  MODIFY `id_grupos` int(11) NOT NULL AUTO_INCREMENT, AUTO_INCREMENT=29;

--
-- AUTO_INCREMENT for table `tb_historico`
--
ALTER TABLE `tb_historico`
  MODIFY `id_historico` int(11) NOT NULL AUTO_INCREMENT, AUTO_INCREMENT=50;

--
-- AUTO_INCREMENT for table `tb_produtos`
--
ALTER TABLE `tb_produtos`
  MODIFY `id_produtos` int(11) NOT NULL AUTO_INCREMENT, AUTO_INCREMENT=47;

--
-- AUTO_INCREMENT for table `tb_promocao`
--
ALTER TABLE `tb_promocao`
  MODIFY `id_promocao` int(11) NOT NULL AUTO_INCREMENT, AUTO_INCREMENT=6;

--
-- AUTO_INCREMENT for table `tb_vendas`
--
ALTER TABLE `tb_vendas`
  MODIFY `id_vendas` int(11) NOT NULL AUTO_INCREMENT, AUTO_INCREMENT=7;

--
-- AUTO_INCREMENT for table `tb_vendidos`
--
ALTER TABLE `tb_vendidos`
  MODIFY `id_vendidos` int(11) NOT NULL AUTO_INCREMENT, AUTO_INCREMENT=6;

--
-- Constraints for dumped tables
--

--
-- Limitadores para a tabela `tb_acessos`
--
ALTER TABLE `tb_acessos`
  ADD CONSTRAINT `fk_funcionarios3` FOREIGN KEY (`id_funcionario_acessos`) REFERENCES `tb_funcionarios` (`id_funcionarios`);

--
-- Limitadores para a tabela `tb_historico`
--
ALTER TABLE `tb_historico`
  ADD CONSTRAINT `fk_funcionarios2` FOREIGN KEY (`id_funcionario_historico`) REFERENCES `tb_funcionarios` (`id_funcionarios`);

--
-- Limitadores para a tabela `tb_produtos`
--
ALTER TABLE `tb_produtos`
  ADD CONSTRAINT `fk_fornecedor` FOREIGN KEY (`id_fornecedor_produtos`) REFERENCES `tb_fornecedor` (`id_fornecedor`),
  ADD CONSTRAINT `fk_grupos` FOREIGN KEY (`id_grupo_produtos`) REFERENCES `tb_grupos` (`id_grupos`);

--
-- Limitadores para a tabela `tb_promocao`
--
ALTER TABLE `tb_promocao`
  ADD CONSTRAINT `fk_produtos2` FOREIGN KEY (`id_produto_promocao`) REFERENCES `tb_produtos` (`id_produtos`);

--
-- Limitadores para a tabela `tb_vendas`
--
ALTER TABLE `tb_vendas`
  ADD CONSTRAINT `fk_funcionarios` FOREIGN KEY (`id_funcionario_vendas`) REFERENCES `tb_funcionarios` (`id_funcionarios`);

--
-- Limitadores para a tabela `tb_vendidos`
--
ALTER TABLE `tb_vendidos`
  ADD CONSTRAINT `fk_produtos3` FOREIGN KEY (`id_produto_vendidos`) REFERENCES `tb_produtos` (`id_produtos`),
  ADD CONSTRAINT `fk_venda` FOREIGN KEY (`id_venda_vendidos`) REFERENCES `tb_vendas` (`id_vendas`);
COMMIT;

/*!40101 SET CHARACTER_SET_CLIENT=@OLD_CHARACTER_SET_CLIENT */;
/*!40101 SET CHARACTER_SET_RESULTS=@OLD_CHARACTER_SET_RESULTS */;
/*!40101 SET COLLATION_CONNECTION=@OLD_COLLATION_CONNECTION */;
